review_text,sentiment
The product exceeds my expectations. The battery life is incredible and the screen is crystal clear.,1
Worst purchase ever. It stopped working after only two days.,0
I've been using this for a month and it's fantastic. The interface is intuitive and performance is excellent.,1
This product changed my life! I use it every day and couldn't be happier with my purchase.,1
Don't waste your money on this. It's cheaply made and breaks easily.,0
The customer service was terrible when I had an issue with the product.,0
Absolutely love this product! It's well-designed and does exactly what I need it to do.,1
I'm very disappointed with this purchase. The product description was misleading.,0
Great value for the price. I've already recommended it to several friends.,1
The shipping was fast and the product works perfectly. Very satisfied customer here.,1
This is my second time buying this product. It's that good.,1
I returned this immediately. Poor quality and nothing like the pictures.,0
The setup was easy and the instructions were clear. Works great!,1
I regret buying this. It's loud and doesn't work properly.,0
This product exceeded my expectations! The quality is outstanding.,1
I've had this for 6 months with no issues. Very reliable.,1
Save your money and avoid this product. Total waste of time.,0
After using this for a week, I'm very impressed with the results.,1
The product arrived damaged and customer service was unhelpful.,0
This is exactly what I was looking for. Perfect fit for my needs.,1
I'm returning this tomorrow. Completely disappointed with the quality.,0
My whole family loves this product. We use it daily.,1
The build quality is excellent and it feels like it will last for years.,1
This broke within a week of normal use. Very disappointing.,0
I couldn't be happier with this purchase. It's exactly as described.,1
This product is a game changer for my daily routine.,1
Don't believe the positive reviews. This product is terrible.,0
The product works as advertised. No complaints here.,1
I'm extremely disappointed with this purchase. Avoid at all costs.,0
This is the best version of this product I've ever used.,1
The service was outstanding and the product performs well.,1
This is my third time buying this product. Never disappoints.,1
Worst experience ever. The product is defective and support is useless.,0
The quality control on this product is clearly lacking.,0
I use this every day and it makes my life so much easier.,1
This product has changed the way I work. Highly recommended.,1
Terrible product that fell apart after minimal use.,0
I'm thrilled with this purchase. Excellent quality and performance.,1
Don't believe the hype. This product is basic and overpriced.,0
The attention to detail on this product is impressive.,1
I've had nothing but problems since purchasing this product.,0
Amazing product that delivered beyond my expectations!,1
This works exactly as described. Very happy with my purchase.,1
I wish I could give zero stars. Complete waste of money.,0
The product is well-designed and clearly made to last.,1
This has quickly become an essential part of my daily routine.,1
Poor design and even worse functionality. Returning immediately.,0
I'm blown away by the quality of this product. Worth every penny.,1
This product is a major disappointment. Nowhere near worth the price.,0
Excellent product that I use every day. Highly recommended.,1
The build quality is subpar and it stopped working after a week.,0
This product has exceeded all my expectations. Absolutely perfect.,1
I've tried many similar products and this is by far the best.,1
The product arrived late and doesn't work as advertised.,0
I love how easy this is to use. Perfect for beginners.,1
This is my favorite purchase this year. Use it constantly.,1
The product is flimsy and clearly poorly made. Very disappointed.,0
I would recommend this to anyone. Great quality and performance.,1
This product is a complete scam. Doesn't do what it claims.,0
I've been using this for months and it's holding up perfectly.,1
The product is intuitive and saves me so much time every day.,1
I immediately regretted this purchase. Poor quality all around.,0
This is one of the best products I've bought in years.,1
The product arrived on time and works flawlessly. Very satisfied.,1
Do not buy this product. It's a complete waste of money.,0
I'm very impressed with the durability and performance.,1
This product failed after only minimal use. Very disappointed.,0
I use this daily and it has improved my productivity significantly.,1
This is an outstanding product that delivers on all promises.,1
The product is defective and customer support is non-existent.,0
The quality and functionality of this product is excellent.,1
I've never been more disappointed with a purchase.,0
This exceeds all my expectations. Absolutely perfect.,1
The product is nothing like what was advertised. Complete disappointment.,0
I'm completely satisfied with this purchase. Works perfectly.,1
This product is cheaply made and breaks easily. Avoid it.,0
I've recommended this to all my friends. It's fantastic.,1
The attention to detail on this product is remarkable.,1
The product is pure junk. Save your money and look elsewhere.,0
This has quickly become my favorite product. Use it daily.,1
I've been using this for months with no issues whatsoever.,1
The product was dead on arrival and support was unhelpful.,0
This product works exactly as described. Very satisfied.,1
I'm returning this immediately. Completely disappointed.,0
The user interface is intuitive and the performance is excellent.,1
This is a high-quality product that's built to last.,1
Do not waste your money on this poorly made product.,0
The product arrived quickly and works perfectly. Very happy.,1
I've had nothing but problems with this from day one.,0
This is a fantastic product that has exceeded my expectations.,1
The product quality is top-notch. Highly recommended.,1
I regret this purchase. The product is cheaply made.,0
This product has transformed my daily routine. Love it.,1
This is one of the worst products I've ever purchased.,0
The product is easy to use and performs excellently.,1
I'm extremely satisfied with this purchase. Works perfectly.,1
The product is completely different from what was advertised.,0
This product is amazing! I use it every single day.,1
Poor quality control and worse customer service. Avoid.,0
I couldn't be happier with this product. It's perfect.,1
This product is a complete disappointment. Don't buy it.,0
The product arrived in perfect condition and works flawlessly.,1
I love everything about this product. Worth every penny.,1
This broke after just two weeks of normal use. Very disappointed.,0
The product performs exactly as advertised. Very satisfied.,1